Department,Month,Budget,Actual,Variance,Variance_pct
Sales,Jan-2024,284101.0,267910.0,-16191.0,-0.057
Sales,Feb-2024,52786.0,50926.0,-1860.0,-0.0352
Sales,Mar-2024,52777.0,53012.0,235.0,0.0045
Sales,Apr-2024,18621.0,18392.0,-229.0,-0.0123
Sales,May-2024,625881.0,602361.0,-23520.0,-0.0376
Sales,Jun-2024,286012.0,291770.0,5758.0,0.0201
Sales,Jul-2024,383156.0,358292.0,-24864.0,-0.0649
Sales,Aug-2024,6473.0,6230.0,-243.0,-0.0375
Sales,Sep-2024,1090283.0,1064056.0,-26227.0,-0.0241
Sales,Oct-2024,555924.0,551528.0,-4396.0,-0.0079
Sales,Nov-2024,74278.0,78090.0,3812.0,0.0513
Sales,Dec-2024,62450.0,59074.0,-3376.0,-0.0541
Marketing,Jan-2024,1310207.0,1353427.0,43220.0,0.033
Marketing,Feb-2024,201517.0,205506.0,3989.0,0.0198
Marketing,Mar-2024,629971.0,667753.0,37782.0,0.06
Marketing,Apr-2024,365478.0,343989.0,-21489.0,-0.0588
Marketing,May-2024,191888.0,188125.0,-3763.0,-0.0196
Marketing,Jun-2024,4280.0,4035.0,-245.0,-0.0572
Marketing,Jul-2024,913634.0,955629.0,41995.0,0.046
Marketing,Aug-2024,265515.0,261937.0,-3578.0,-0.0135
Marketing,Sep-2024,156015.0,147813.0,-8202.0,-0.0526
Marketing,Oct-2024,5158.0,5220.0,62.0,0.012
Marketing,Nov-2024,84135.0,77037.0,-7098.0,-0.0844
Marketing,Dec-2024,88385.0,93830.0,5445.0,0.0616
Operations,Jan-2024,936211.0,899294.0,-36917.0,-0.0394
Operations,Feb-2024,751664.0,757440.0,5776.0,0.0077
Operations,Mar-2024,304068.0,284414.0,-19654.0,-0.0646
Operations,Apr-2024,850883.0,897167.0,46284.0,0.0544
Operations,May-2024,30924.0,28555.0,-2369.0,-0.0766
Operations,Jun-2024,72803.0,79183.0,6380.0,0.0876
Operations,Jul-2024,15447.0,16203.0,756.0,0.0489
Operations,Aug-2024,131343.0,124220.0,-7123.0,-0.0542
Operations,Sep-2024,164250.0,149630.0,-14620.0,-0.089
Operations,Oct-2024,105653.0,111652.0,5999.0,0.0568
Operations,Nov-2024,588928.0,610856.0,21928.0,0.0372
Operations,Dec-2024,147261.0,153331.0,6070.0,0.0412
R&D,Jan-2024,32179.0,32018.0,-161.0,-0.005
R&D,Feb-2024,185677.0,172963.0,-12714.0,-0.0685
R&D,Mar-2024,51513.0,53490.0,1977.0,0.0384
R&D,Apr-2024,831785.0,870830.0,39045.0,0.0469
R&D,May-2024,408379.0,412883.0,4504.0,0.011
R&D,Jun-2024,168077.0,176274.0,8197.0,0.0488
R&D,Jul-2024,27468.0,27437.0,-31.0,-0.0011
R&D,Aug-2024,155809.0,156446.0,637.0,0.0041
R&D,Sep-2024,164520.0,162374.0,-2146.0,-0.013
R&D,Oct-2024,547074.0,500340.0,-46734.0,-0.0854
R&D,Nov-2024,424520.0,394557.0,-29963.0,-0.0706
R&D,Dec-2024,912818.0,835828.0,-76990.0,-0.0843
HR,Jan-2024,176168.0,180398.0,4230.0,0.024
HR,Feb-2024,331631.0,353804.0,22173.0,0.0669
HR,Mar-2024,1111570.0,1172329.0,60759.0,0.0547
HR,Apr-2024,133849.0,126297.0,-7552.0,-0.0564
HR,May-2024,246601.0,264025.0,17424.0,0.0707
HR,Jun-2024,657601.0,662257.0,4656.0,0.0071
HR,Jul-2024,121277.0,127988.0,6711.0,0.0553
HR,Aug-2024,37393.0,40058.0,2665.0,0.0713
HR,Sep-2024,159710.0,154478.0,-5232.0,-0.0328
HR,Oct-2024,82067.0,76306.0,-5761.0,-0.0702
HR,Nov-2024,1239326.0,1178634.0,-60692.0,-0.049
HR,Dec-2024,770631.0,760519.0,-10112.0,-0.0131
Customer Success,Jan-2024,1363.0,1476.0,113.0,0.0829
Customer Success,Feb-2024,139699.0,133457.0,-6242.0,-0.0447
Customer Success,Mar-2024,105579.0,105526.0,-53.0,-0.0005
Customer Success,Apr-2024,49083.0,47323.0,-1760.0,-0.0359
Customer Success,May-2024,24951.0,23984.0,-967.0,-0.0388
Customer Success,Jun-2024,80494.0,73783.0,-6711.0,-0.0834
Customer Success,Jul-2024,559505.0,570539.0,11034.0,0.0197
Customer Success,Aug-2024,76288.0,76324.0,36.0,0.0005
Customer Success,Sep-2024,142939.0,131398.0,-11541.0,-0.0807
Customer Success,Oct-2024,237254.0,227800.0,-9454.0,-0.0398
Customer Success,Nov-2024,88324.0,94814.0,6490.0,0.0735
Customer Success,Dec-2024,697211.0,664526.0,-32685.0,-0.0469
Finance,Jan-2024,204546.0,215530.0,10984.0,0.0537
Finance,Feb-2024,160450.0,150362.0,-10088.0,-0.0629
Finance,Mar-2024,217501.0,217821.0,320.0,0.0015
Finance,Apr-2024,242694.0,251248.0,8554.0,0.0352
Finance,May-2024,22781.0,24250.0,1469.0,0.0645
Finance,Jun-2024,124695.0,120788.0,-3907.0,-0.0313
Finance,Jul-2024,74922.0,71149.0,-3773.0,-0.0504
Finance,Aug-2024,439148.0,455838.0,16690.0,0.038
Finance,Sep-2024,171698.0,181263.0,9565.0,0.0557
Finance,Oct-2024,1107759.0,1077583.0,-30176.0,-0.0272
Finance,Nov-2024,137497.0,127502.0,-9995.0,-0.0727
Finance,Dec-2024,458038.0,494357.0,36319.0,0.0793
IT,Jan-2024,107335.0,116922.0,9587.0,0.0893
IT,Feb-2024,267622.0,290042.0,22420.0,0.0838
IT,Mar-2024,165729.0,167467.0,1738.0,0.0105
IT,Apr-2024,195575.0,209045.0,13470.0,0.0689
IT,May-2024,34520.0,32585.0,-1935.0,-0.0561
IT,Jun-2024,114751.0,110183.0,-4568.0,-0.0398
IT,Jul-2024,175143.0,181459.0,6316.0,0.0361
IT,Aug-2024,38190.0,40573.0,2383.0,0.0624
IT,Sep-2024,28305.0,30120.0,1815.0,0.0641
IT,Oct-2024,592649.0,582462.0,-10187.0,-0.0172
IT,Nov-2024,106995.0,114463.0,7468.0,0.0698
IT,Dec-2024,44481.0,47290.0,2809.0,0.0632
